Date,Page_Views,Unique_Visitors,Bounce_Rate
2023-01-01,120,80,45.2
2023-01-02,135,90,44.1
2023-01-03,150,95,43.5
2023-01-04,140,88,44.8
2023-01-05,160,105,42.0
2023-01-06,175,115,41.2
2023-01-07,190,120,40.5
2023-01-08,180,110,41.0
2023-01-09,165,100,42.3
2023-01-10,185,118,40.8
2023-01-11,210,130,39.5
2023-01-12,205,128,40.0
2023-01-13,220,140,38.7
2023-01-14,240,150,38.0
2023-01-15,230,145,38.4
2023-01-16,215,135,39.2
2023-01-17,225,142,38.9
2023-01-18,250,160,37.5
2023-01-19,260,165,37.1
2023-01-20,245,155,37.8
2023-01-21,270,170,36.5
2023-01-22,280,175,36.0
2023-01-23,265,168,36.8
2023-01-24,290,185,35.4
2023-01-25,310,195,34.8
2023-01-26,305,190,35.0
2023-01-27,320,200,34.2
2023-01-28,340,210,33.5
2023-01-29,330,205,33.9
2023-01-30,350,220,33.0
2023-01-31,365,225,32.4